{"loss": [0.32835968127891196], "accuracy": [0.8895863890647888]}