{"loss": [0.16958515634950327, 0.08529950952043339], "accuracy": [0.9401199817657471, 0.9801173210144043]}