{"loss": [0.7833914160728455, 0.5488808751106262], "accuracy": [0.25, 0.875]}