{"loss": [0.13649184606513198], "accuracy": [0.9606655836105347]}